/* SQLyog Community Edition- MySQL GUI v5.22a Host - 5.1.41 : Database - fromnom ********************************************************************* Server version : 5.1.41 */   /*!40101 SET NAMES utf8 */;  /*!40101 SET SQL_MODE=''*/;  create database if not exists `fromnom`;  USE `fromnom`;  /*!40014 SET @OLD_FOREIGN_KEY_CHECKS=@@FOREIGN_KEY_CHECKS, FOREIGN_KEY_CHECKS=0 */; /*!40101 SET @OLD_SQL_MODE=@@SQL_MODE, SQL_MODE='NO_AUTO_VALUE_ON_ZERO' */;  /*Table structure for table `tblcourse` */  DROP TABLE IF EXISTS `tblcourse`;  CREATE TABLE `tblcourse` (   `courseCode` varchar(7) NOT NULL,   `courseDesc` varchar(50) NOT NULL,   PRIMARY KEY (`courseCode`,`courseDesc`) ) ENGINE=MyISAM DEFAULT CHARSET=latin1;  /*Data for the table `tblcourse` */  insert  into `tblcourse`(`courseCode`,`courseDesc`) values ('DPIM19','Diploma Administratiion Management'),('HCEE18','Higher Certificate Electrical Engineering'),('NDEEF2','National Diploma Electrical Engineering'),('NDHR96','National Diploma Human Resource'),('NDHRF0','National Diploma Human Resource Foundation'),('NDISF1','National Diploma Software Development'),('NDIT12','National Diploma Information Tecnology'),('NDITF1','National Diploma Information Tecnology Foundation');  /*Table structure for table `tblemployee` */  DROP TABLE IF EXISTS `tblemployee`;  CREATE TABLE `tblemployee` (   `empId` int(5) NOT NULL AUTO_INCREMENT,   `jobCode` varchar(5) DEFAULT NULL,   `empUsername` varchar(20) NOT NULL,   `empPassword` varchar(30) DEFAULT NULL,   PRIMARY KEY (`empId`,`empUsername`) ) ENGINE=MyISAM AUTO_INCREMENT=10010 DEFAULT CHARSET=latin1;  /*Data for the table `tblemployee` */  insert  into `tblemployee`(`empId`,`jobCode`,`empUsername`,`empPassword`) values (10001,'lectu','Portia','12345'),(10002,'labTe','Nelly','24689'),(10003,'admin','Chacha','98765'),(10004,'labTe','Lilly','65432'),(10005,'admin','NomNom','66363'),(10006,'labTe','Elly','61616'),(10007,'lectu','lecturer','lecturer'),(10008,'admin','administrater','admin'),(10009,'labTe','labTe','labtech');  /*Table structure for table `tbljob` */  DROP TABLE IF EXISTS `tbljob`;  CREATE TABLE `tbljob` (   `jobCod` varchar(5) NOT NULL,   `jobDesc` varchar(50) NOT NULL,   PRIMARY KEY (`jobCod`,`jobDesc`) ) ENGINE=MyISAM DEFAULT CHARSET=latin1;  /*Data for the table `tbljob` */  insert  into `tbljob`(`jobCod`,`jobDesc`) values ('admin','Administration'),('labTe','Lab Technician'),('lectu','Lecturer');  /*Table structure for table `tblpc` */  DROP TABLE IF EXISTS `tblpc`;  CREATE TABLE `tblpc` (   `pcName` varchar(9) NOT NULL,   `venCode` varchar(5) DEFAULT NULL,   `pcNo` int(2) DEFAULT NULL,   `pcStatus` int(1) DEFAULT NULL,   PRIMARY KEY (`pcName`) ) ENGINE=MyISAM DEFAULT CHARSET=latin1;  /*Data for the table `tblpc` */  insert  into `tblpc`(`pcName`,`venCode`,`pcNo`,`pcStatus`) values ('03G08PC01','03G08',1,1),('03G08PC02','03G08',2,1),('03G08PC03','03G08',3,1),('03G08PC04','03G08',4,1),('03G08PC05','03G08',5,1),('03G08PC06','03G08',6,1),('03G08PC07','03G08',7,1),('03G08PC08','03G08',8,1),('03G08PC09','03G08',9,1),('03G08PC10','03G08',10,1),('03G08PC11','03G08',11,1),('03G08PC12','03G08',12,1),('03G08PC13','03G08',13,1),('03G08PC14','03G08',14,1),('03G08PC15','03G08',15,1),('03G08PC16','03G08',16,1),('03G08PC17','03G08',17,1),('03G08PC18','03G08',18,1),('03G08PC19','03G08',19,1),('03G08PC20','03G08',20,1),('03G08PC21','03G08',21,1),('03G08PC22','03G08',22,1),('03G08PC23','03G08',23,1),('03G08PC24','03G08',24,1),('03G08PC25','03G08',25,1),('03G08PC26','03G08',26,1),('03G08PC27','03G08',27,1),('03G08PC28','03G08',28,1),('03G08PC29','03G08',29,1),('03G08PC30','03G08',30,1),('03G08PC31','03G08',31,1),('03G08PC32','03G08',32,1),('03G08PC33','03G08',33,1),('03G08PC34','03G08',34,1),('03G08PC35','03G08',35,1),('03G08PC36','03G08',36,1),('03G08PC37','03G08',37,1),('03G08PC38','03G08',38,1),('03G08PC39','03G08',39,1),('03G08PC40','03G08',40,1),('15G01PC01','15G01',1,1),('15G01PC02','15G01',2,1),('15G01PC03','15G01',3,1),('15G01PC04','15G01',4,1),('15G01PC05','15G01',5,1),('15G01PC06','15G01',6,1),('15G01PC07','15G01',7,1),('15G01PC08','15G01',8,1),('15G01PC09','15G01',9,1),('15G01PC10','15G01',10,1),('15G01PC11','15G01',11,1),('15G01PC12','15G01',12,1),('15G01PC13','15G01',13,1),('15G01PC14','15G01',14,1),('15G01PC15','15G01',15,1),('15G01PC16','15G01',16,1),('15G01PC17','15G01',17,1),('15G01PC18','15G01',18,1),('15G01PC19','15G01',19,1),('15G01PC20','15G01',20,1),('15G01PC21','15G01',21,1),('15G01PC22','15G01',22,1),('15G01PC23','15G01',23,1),('15G01PC24','15G01',24,1),('15G01PC25','15G01',25,1),('15G01PC26','15G01',26,1),('15G01PC27','15G01',27,1),('15G01PC28','15G01',28,1),('15G01PC29','15G01',29,1),('15G01PC30','15G01',30,1),('15G01PC31','15G01',31,1),('15G01PC32','15G01',32,1),('15G01PC33','15G01',33,1),('15G01PC34','15G01',34,1),('15G01PC35','15G01',35,1),('15G01PC36','15G01',36,1),('15G01PC37','15G01',37,1),('15G01PC38','15G01',38,1),('15G01PC39','15G01',39,1),('15G01PC40','15G01',40,1),('15G01PC41','15G01',41,1),('15G01PC42','15G01',42,1),('15G01PC43','15G01',43,1),('15G01PC44','15G01',44,1),('15G01PC45','15G01',45,1),('15G01PC46','15G01',46,1),('15G01PC47','15G01',47,1),('15G01PC48','15G01',48,1),('15G01PC49','15G01',49,1),('15G01PC50','15G01',50,1),('15G30PC01','15G30',1,1),('15G30PC02','15G30',2,1),('15G30PC03','15G30',3,1),('15G30PC04','15G30',4,1),('15G30PC05','15G30',5,1),('15G30PC06','15G30',6,1),('15G30PC07','15G30',7,1),('15G30PC08','15G30',8,1),('15G30PC09','15G30',9,1),('15G30PC10','15G30',10,1),('15G30PC11','15G30',11,1),('15G30PC12','15G30',12,1),('15G30PC13','15G30',13,1),('15G30PC14','15G30',14,1),('15G30PC15','15G30',15,1),('15G30PC16','15G30',16,1),('15G30PC17','15G30',17,1),('15G30PC18','15G30',18,1),('15G30PC19','15G30',19,1),('15G30PC20','15G30',20,1),('15G30PC21','15G30',21,1),('15G30PC22','15G30',22,1),('15G30PC23','15G30',23,1),('15G30PC24','15G30',24,1),('15G30PC25','15G30',25,1),('15G30PC26','15G30',26,1),('15G30PC27','15G30',27,1),('15G30PC28','15G30',28,1),('15G30PC29','15G30',29,1),('15G30PC30','15G30',30,1),('15G30PC31','15G30',31,1),('15G30PC32','15G30',32,1),('15G30PC33','15G30',33,1),('15G30PC34','15G30',34,1),('15G30PC35','15G30',35,1),('15G30PC36','15G30',36,1),('15G30PC37','15G30',37,1),('15G30PC38','15G30',38,1),('15G30PC39','15G30',39,1),('15G30PC40','15G30',40,1),('15G30PC41','15G30',41,1),('15G30PC42','15G30',42,1),('15G30PC43','15G30',43,1),('15G30PC44','15G30',44,1),('15G30PC45','15G30',45,1),('15G30PC46','15G30',46,1),('15G30PC47','15G30',47,1),('15G30PC48','15G30',48,1),('15G30PC49','15G30',49,1),('15G30PC50','15G30',50,1),('15G30PC51','15G30',51,1),('15G30PC52','15G30',52,1),('15G30PC53','15G30',53,1),('15G30PC54','15G30',54,1),('15G30PC55','15G30',55,1),('15G30PC56','15G30',56,1),('15G30PC57','15G30',57,1),('15G30PC58','15G30',58,1),('15G30PC59','15G30',59,1),('15G30PC60','15G30',60,1),('15G30PC61','15G30',61,1),('15G30PC62','15G30',62,1),('15G30PC63','15G30',63,1),('15G30PC64','15G30',64,1),('15G30PC65','15G30',65,1),('15G30PC66','15G30',66,1),('15G30PC67','15G30',67,1),('15G30PC68','15G30',68,1),('15G30PC69','15G30',69,1),('15G30PC70','15G30',70,1),('15G30PC71','15G30',71,1),('15G30PC72','15G30',72,1),('15G30PC73','15G30',73,1),('15G30PC74','15G30',74,1),('15G30PC75','15G30',75,1),('15G30PC76','15G30',76,1),('15G30PC77','15G30',77,1),('16G01PC01','16G01',1,1),('16G01PC02','16G01',2,1),('16G01PC03','16G01',3,1),('16G01PC04','16G01',4,1),('16G01PC05','16G01',5,1),('16G01PC06','16G01',6,1),('16G01PC07','16G01',7,1),('16G01PC08','16G01',8,1),('16G01PC09','16G01',9,1),('16G01PC10','16G01',10,1),('16G01PC11','16G01',11,1),('16G01PC12','16G01',12,1),('16G01PC13','16G01',13,1),('16G01PC14','16G01',14,1),('16G01PC15','16G01',15,1),('16G01PC16','16G01',16,1),('16G01PC17','16G01',17,1),('16G01PC18','16G01',18,1),('16G01PC19','16G01',19,1),('16G01PC20','16G01',20,1),('16G01PC21','16G01',21,1),('16G01PC22','16G01',22,1),('16G01PC23','16G01',23,1),('16G01PC24','16G01',24,1),('16G01PC25','16G01',25,1),('16G01PC26','16G01',26,1),('16G01PC27','16G01',27,1),('16G01PC28','16G01',28,1),('16G01PC29','16G01',29,1),('16G01PC30','16G01',30,1),('16G01PC31','16G01',31,1),('16G01PC32','16G01',32,1),('16G01PC33','16G01',33,1),('16G01PC34','16G01',34,1),('16G01PC35','16G01',35,1),('16G01PC36','16G01',36,1),('16G01PC37','16G01',37,1),('16G01PC38','16G01',38,1),('16G01PC39','16G01',39,1),('16G01PC40','16G01',40,1),('16G01PC41','16G01',41,1),('16G01PC42','16G01',42,1),('16G01PC43','16G01',43,1),('16G01PC44','16G01',44,1),('16G01PC45','16G01',45,1),('16G01PC46','16G01',46,1),('16G01PC47','16G01',47,1),('16G01PC48','16G01',48,1),('16G01PC49','16G01',49,1),('16G01PC50','16G01',50,1),('16G01PC51','16G01',51,1),('16G01PC52','16G01',52,1),('16G01PC53','16G01',53,1),('16G01PC54','16G01',54,1),('16G01PC55','16G01',55,1),('16G01PC56','16G01',56,1),('16G01PC57','16G01',57,1),('16G01PC58','16G01',58,1),('16G01PC59','16G01',59,1),('16G01PC60','16G01',60,1),('16G24PC01','16G24',1,1),('16G24PC02','16G24',2,1),('16G24PC03','16G24',3,1),('16G24PC04','16G24',4,1),('16G24PC05','16G24',5,1),('16G24PC06','16G24',6,1),('16G24PC07','16G24',7,1),('16G24PC08','16G24',8,1),('16G24PC09','16G24',9,1),('16G24PC10','16G24',10,1),('16G24PC11','16G24',11,1),('16G24PC12','16G24',12,1),('16G24PC13','16G24',13,1),('16G24PC14','16G24',14,1),('16G24PC15','16G24',15,1),('16G24PC16','16G24',16,1),('16G24PC17','16G24',17,1),('16G24PC18','16G24',18,1),('16G24PC19','16G24',19,1),('16G24PC20','16G24',20,1),('16G24PC21','16G24',21,1),('16G24PC22','16G24',22,1),('16G24PC23','16G24',23,1),('16G24PC24','16G24',24,1),('16G24PC25','16G24',25,1),('16G24PC26','16G24',26,1),('16G24PC27','16G24',27,1),('16G24PC28','16G24',28,1),('16G24PC29','16G24',29,1),('16G24PC30','16G24',30,1),('16G24PC31','16G24',31,1),('16G24PC32','16G24',32,1),('16G24PC33','16G24',33,1),('16G24PC34','16G24',34,1),('16G24PC35','16G24',35,1),('16G24PC36','16G24',36,1),('16G24PC37','16G24',37,1),('16G24PC38','16G24',38,1),('16G24PC39','16G24',39,1),('16G24PC40','16G24',40,1);  /*Table structure for table `tblseatallocation` */  DROP TABLE IF EXISTS `tblseatallocation`;  CREATE TABLE `tblseatallocation` (   `studNo` varchar(9) NOT NULL,   `pcName` varchar(9) NOT NULL,   `subjCode` varchar(7) NOT NULL,   `seatAllocDate` varchar(20) NOT NULL,   `seatAllocSlot` varchar(9) NOT NULL,   PRIMARY KEY (`studNo`,`pcName`,`subjCode`,`seatAllocDate`,`seatAllocSlot`) ) ENGINE=MyISAM DEFAULT CHARSET=latin1;  /*Data for the table `tblseatallocation` */  /*Table structure for table `tblstudent` */  DROP TABLE IF EXISTS `tblstudent`;  CREATE TABLE `tblstudent` (   `studNo` varchar(9) NOT NULL,   `coursecode` varchar(7) DEFAULT NULL,   `studSurname` varchar(50) DEFAULT NULL,   `studName` varchar(50) DEFAULT NULL,   `studInitials` varchar(3) DEFAULT NULL,   `studGender` char(1) DEFAULT NULL,   `studIDNo` varchar(13) DEFAULT NULL,   `studUsername` varchar(20) NOT NULL,   PRIMARY KEY (`studNo`) ) ENGINE=MyISAM DEFAULT CHARSET=latin1;  /*Data for the table `tblstudent` */  insert  into `tblstudent`(`studNo`,`coursecode`,`studSurname`,`studName`,`studInitials`,`studGender`,`studIDNo`,`studUsername`) values ('210336565','NDITF1','Mokoena','Andries','AC','M','9103080523087','Andries'),('213265987','NDITF1','Masombuka','Mpumi','MP','F','9306052305085','Mpumzi'),('213355856','NDITF1','Ndala','Benjamin','BF','M','9003230215086','Benjy'),('213365548','NDITF1','Mashaba','Steve','SM','M','9103020523087','Streve'),('213568985','NDITF1','Mathebula','Busisiwe','BY','F','9302080623085','Busi'),('213646998','NDITF1','Bhengu','Obed','O','M','9103050323087','Obed'),('213659802','NDITF1','Qwane','Lindi','LA','F','9203080523085','Linds'),('213665945','NDITF1','Ndlovu','Lebogang','LL','F','9203050523085','Lebo'),('213698524','NDITF1','Nonyane','Betty','B','F','9103020605085','Bethy'),('213698742','NDITF1','Qwane','Lindi','LT','F','9203080523085','Lindi'),('214136498','NDITF1','Skosana','Lebo','LP','M','9503052602087','Lebza'),('214365699','NDITF1','Nonyane','Betty','BL','F','9806032655085','Beth'),('214563326','NDITF1','Mthembu','Mbali','MC','F','9303025070086','Mbayi'),('214569321','NDEEF2','Mathibela','Ntando','NT','F','9303080406087','Ntando'),('214569753','NDEEF2','Thambo','Zethu','ZT','F','9503020503084','Zee'),('214569851','NDEEF2','Kabini','Lethabo','LP','M','9312280289087','Thabo'),('214569852','NDITF1','Sibanyoni','Nokuthula','NE','F','9703080366085','Thula'),('214569872','NDITF1','Thwala','Paul','PP','M','9003022302087','Pauls'),('214653389','NDITF1','Khoza','Busisiwe','BB','F','9305060352085','Busy'),('214659872','NDITF1','Mthembu','Mbali','MC','F','9303025050086','Pally'),('214663621','NDITF1','Swazi','Elizabeth','EL','F','9103050233085','Lizzie'),('214785698','NDITF1','Makhubela','Phila','PP','M','9305035033087','Philah'),('215364987','NDITF1','Makhubela','Phila','PP','M','9305035022087','Phila'),('215469845','NDEEF2','Sfako','Thembisile','TY','F','9607082356085','Thembi'),('215478963','NDEEF2','Smith','Leah','LT','F','9403050789084','Lee'),('215536987','NDITF1','Skosana','Lebo','LN','F','9603020523085','Leboo'),('215556362','NDEEF2','Khanyisa','Bheki','BS','M','9303058941085','Beki'),('215566998','NDITF1','Sindane','Londiwe','LL','F','9408050236085','Londs'),('215636988','NDITF1','Mokoena','Simon','SL','M','9305030625087','Simmy'),('215644889','NDEEF2','Klein','Portia','PN','F','9411300205085','Porita'),('215645566','NDEEF2','Mbonani','Samuel','SL','M','9403090725087','Sammy'),('215648786','NDITF1','Mathenjwa','Busi','BB','F','9706030523085','Busisiwe'),('215693265','NDEEF2','Hlebezi','Zinhle','Z','F','9603020111085','Zinhle'),('215698535','NDITF1','Zulu','Themba','TS','M','9603060523087','Them'),('215969823','NDITF1','Mathebula','Busisiwe','BU','F','9302080523085','Buzz'),('216136459','NDITF1','Malatsi','Mei','MP','F','9803080533085','Mei'),('216136988','NDITF1','Dludla','Lucky','LN','M','9603052302087','Lucki'),('216222498','NDEEF2','Mhlaba','Hlengiwe','HM','F','9803060589085','Hleng'),('216365958','NDITF1','Makhubela','Busisiwe','BT','F','9803060205285','Busi'),('216365985','NDEEF2','Mkhabela','Thando','TH','F','9808092305084','Thando'),('216397451','NDITF1','Dludla','Lucy','L','F','9603052302085','Luci'),('216459871','NDITF1','Mmushi','Mbali','MG','F','9703052603085','Pale'),('216469875','NDITF1','Malatsu','Minja','MP','M','9706050305087','Mimi'),('216539872','NDITF1','Skosana','Sizwe','SH','M','9603050223086','Sizwes'),('216589236','NDITF1','Mahlangu','Lindo','LN','M','9602050523087','Lindz'),('216598058','NDITF1','Mahlangu','Njeza','NJ','M','9703025605087','Njez'),('216598726','NDITF1','Chilaule','Mnaka','MM','M','9803022502087','Mnaka'),('216636415','NDEEF2','George','Buhle','BT','F','9306020804084','Beauty'),('216636598','NDITF1','Skosana','Nontobeko','NS','F','9806030203085','Stally'),('216653698','NDEEF2','Masemola','Thandeka','TH','F','9603050789084','Ndeka'),('216655987','NDITF1','Sindane','Londiwe','LP','F','9408050236085','Londi'),('216663669','NDEEF2','Sambo','Lemuel','LP','M','9201050604086','Lammy'),('216688939','NDITF1','Sibanyoni','Nokuthula','NE','F','9703080526085','Thuli'),('216695632','NDEEF2','Mabona','Sizakele','SZ','F','9704050623084','Sizakelee'),('216698265','NDITF1','Zwane','Charles','CB','M','9805040523087','Chacha'),('216698745','NDITF1','Malaza','Thapelo','TI','M','9803060205087','Thaps'),('216699080','NDITF1','Zulu','Themba','TB','M','9603050523087','Themba'),('216699985','NDEEF2','Dube','Khaya','KM','M','9610220356086','Kay'),('216958474','NDEEF2','Sbande ','Vusi','VS','M','9812140523087','Vusi'),('216987456','NDEEF2','Lidwaba','Sbongile','SS','F','9803060205085','Bongi'),('216987653','NDITF1','Mahlangu','Lindo','LN','M','9602052623087','Lindos'),('217233655','NDITF1','Mulaudzi','Simon','SL','M','9803060523087','Mulaudzi'),('217336599','NDITF1','Thwala','Thapelo','TT','F','9903050523085','Thaps'),('217533656','NDITF1','Mahlangu','Njeza','NH','M','9703036605087','Njeza'),('217890582','NDITF1','Zwane','Charles','CF','M','9805030523087','Chacha'),('217893232','NDITF1','Malatsi','Bongani','BC','M','9911260523086','Bongaz'),('217893523','NDITF1','Mthethwa','Lefa','LM','M','9903050223087','Mlefa'),('217986623','NDITF1','Mathenjwa','Benjamin','BK','M','9603020523087','Benj'),('218326548','NDITF1','Masombuka','Mpumi','MP','F','9306053305085','Petri'),('218365536','NDITF1','Khoza','Willy','W','M','0002030523085','Will'),('218366492','NDITF1','Malaza','Sizwe','SW','M','9306010305087','Laza'),('218634123','NDITF1','Chilaule','Manaka','MN','M','9803022502087','Mnaka'),('218866982','NDITF1','Ntuli','Bongani','BC','M','9703020526087','Bongz'),('218899663','NDITF1','Mulaudzi','Minja','M','M','0003060589087','Nija'),('218926222','NDITF1','Sibanyoni','Lerato','LD','F','0101010223085','Rato'),('218936226','NDITF1','Malatsi','Mei','MP','M','9803080533087','Mey'),('219365465','NDITF1','Mahlangu','Lindo','LL','M','0103120524087','Linds'),('219365569','NDITF1','Mmushi','Obed','OB','M','0003050623087','Obz'),('219366566','NDITF1','Ntuli','Bongani','BB','M','9703030426087','Bonga'),('219863226','NDITF1','Malatsu','Linda','LD','F','0002030523085','Lindss');  /*Table structure for table `tblsubj_emp` */  DROP TABLE IF EXISTS `tblsubj_emp`;  CREATE TABLE `tblsubj_emp` (   `subjCode` varchar(7) NOT NULL,   `empID` int(5) NOT NULL,   `subjEmpSemCode` varchar(9) NOT NULL,   PRIMARY KEY (`subjCode`,`empID`,`subjEmpSemCode`) ) ENGINE=MyISAM DEFAULT CHARSET=latin1;  /*Data for the table `tblsubj_emp` */  /*Table structure for table `tblsubj_stud` */  DROP TABLE IF EXISTS `tblsubj_stud`;  CREATE TABLE `tblsubj_stud` (   `studNo` varchar(9) NOT NULL,   `subjCode` varchar(7) NOT NULL,   `subStudSemCode` varchar(7) NOT NULL,   PRIMARY KEY (`studNo`,`subjCode`,`subStudSemCode`) ) ENGINE=MyISAM DEFAULT CHARSET=latin1;  /*Data for the table `tblsubj_stud` */  insert  into `tblsubj_stud`(`studNo`,`subjCode`,`subStudSemCode`) values ('210336565','DSO23AT','NDITF19'),('210336565','SSF24AT','NDITF19'),('210336565','TPG111T','NDITF19'),('213265987','DSO23AT','NDITF19'),('213265987','SSF24AT','NDITF19'),('213265987','TPG111T','NDITF19'),('213355856','DSO23AT','NDITF19'),('213355856','SSF24AT','NDITF19'),('213355856','TPG111T','NDITF19'),('213365548','DSO23AT','NDITF19'),('213365548','SSF24AT','NDITF19'),('213365548','TPG111T','NDITF19'),('213568985','DSO23AT','NDITF19'),('213568985','SSF24AT','NDITF19'),('213568985','TPG111T','NDITF19'),('213646998','DSO23AT','NDITF19'),('213646998','SSF24AT','NDITF19'),('213646998','TPG111T','NDITF19'),('213659802','DSO23AT','NDITF19'),('213659802','SSF24AT','NDITF19'),('213659802','TPG111T','NDITF19'),('213665945','DSO23AT','NDITF19'),('213665945','SSF24AT','NDITF19'),('213665945','TPG111T','NDITF19'),('213698524','DSO23AT','NDITF19'),('213698524','SSF24AT','NDITF19'),('213698524','TPG111T','NDITF19'),('213698742','DSO23AT','NDITF19'),('213698742','SSF24AT','NDITF19'),('213698742','TPG111T','NDITF19'),('214136498','DSO23AT','NDITF19'),('214136498','SSF24AT','NDITF19'),('214136498','TPG111T','NDITF19'),('214365699','DSO23AT','NDITF19'),('214365699','SSF24AT','NDITF19'),('214365699','TPG111T','NDITF19'),('214563326','DSO23AT','NDITF19'),('214563326','SSF24AT','NDITF19'),('214563326','TPG111T','NDITF19'),('214569321','DSO23AT','NDITF19'),('214569321','SSF24AT','NDITF19'),('214569321','TPG111T','NDITF19'),('214569851','DSO23AT','NDITF19'),('214569851','SSF24AT','NDITF19'),('214569851','TPG111T','NDITF19'),('214569852','DSO23AT','NDITF19'),('214569852','SSF24AT','NDITF19'),('214569852','TPG111T','NDITF19'),('214569853','DSO23AT','NDITF19'),('214569853','SSF24AT','NDITF19'),('214569853','TPG111T','NDITF19'),('214569872','DSO23AT','NDITF19'),('214569872','SSF24AT','NDITF19'),('214569872','TPG111T','NDITF19'),('214653389','DSO23AT','NDITF19'),('214653389','SSF24AT','NDITF19'),('214653389','TPG111T','NDITF19'),('214659872','DSO23AT','NDITF19'),('214659872','SSF24AT','NDITF19'),('214659872','TPG111T','NDITF19'),('214663621','DSO23AT','NDITF19'),('214663621','SSF24AT','NDITF19'),('214663621','TPG111T','NDITF19'),('214785698','DSO23AT','NDITF19'),('214785698','SSF24AT','NDITF19'),('214785698','TPG111T','NDITF19'),('215364987','DSO23AT','NDITF19'),('215364987','SSF24AT','NDITF19'),('215364987','TPG111T','NDITF19'),('215469845','DSO23AT','NDITF19'),('215469845','SSF24AT','NDITF19'),('215469845','TPG111T','NDITF19'),('215478963','DSO23AT','NDITF19'),('215478963','SSF24AT','NDITF19'),('215478963','TPG111T','NDITF19'),('215536987','DSO23AT','NDITF19'),('215536987','SSF24AT','NDITF19'),('215536987','TPG111T','NDITF19'),('215566998','DSO23AT','NDITF19'),('215566998','SSF24AT','NDITF19'),('215566998','TPG111T','NDITF19'),('215577824','TPG201T','NDITF19'),('215644889','DSO23AT','NDITF19'),('215644889','SSF24AT','NDITF19'),('215644889','TPG111T','NDITF19'),('215648786','DSO23AT','NDITF19'),('215648786','SSF24AT','NDITF19'),('215648786','TPG111T','NDITF19'),('215663698','DSO23AT','NDITF19'),('215663698','SSF24AT','NDITF19'),('215663698','TPG111T','NDITF19'),('215693265','DSO23AT','NDITF19'),('215693265','SSF24AT','NDITF19'),('215693265','TPG111T','NDITF19'),('215698535','DSO23AT','NDITF19'),('215698535','SSF24AT','NDITF19'),('215698535','TPG111T','NDITF19'),('215969823','DSO23AT','NDITF19'),('215969823','SSF24AT','NDITF19'),('215969823','TPG111T','NDITF19'),('216136459','DSO23AT','NDITF19'),('216136459','SSF24AT','NDITF19'),('216136459','TPG111T','NDITF19'),('216136988','DSO23AT','NDITF19'),('216136988','SSF24AT','NDITF19'),('216136988','TPG111T','NDITF19'),('216162837','DSO34AT','NDITF19'),('216222498','DSO23AT','NDITF19'),('216222498','SSF24AT','NDITF19'),('216222498','TPG111T','NDITF19'),('216365958','DSO23AT','NDITF19'),('216365958','SSF24AT','NDITF19'),('216365958','TPG111T','NDITF19'),('216365985','DSO23AT','NDITF19'),('216365985','SSF24AT','NDITF19'),('216365985','TPG111T','NDITF19'),('216397451','DSO23AT','NDITF19'),('216397451','SSF24AT','NDITF19'),('216397451','TPG111T','NDITF19'),('216459871','DSO23AT','NDITF19'),('216459871','SSF24AT','NDITF19'),('216459871','TPG111T','NDITF19'),('216469875','DSO23AT','NDITF19'),('216469875','SSF24AT','NDITF19'),('216469875','TPG111T','NDITF19'),('216491580','DSO23AT','NDITF19'),('216491580','SSF24AT','NDITF19'),('216491580','TPG111T','NDITF19'),('216539872','DSO23AT','NDITF19'),('216539872','SSF24AT','NDITF19'),('216539872','TPG111T','NDITF19'),('216589236','DSO23AT','NDITF19'),('216589236','SSF24AT','NDITF19'),('216589236','TPG111T','NDITF19'),('216598058','DSO23AT','NDITF19'),('216598058','SSF24AT','NDITF19'),('216598058','TPG111T','NDITF19'),('216598726','DSO23AT','NDITF19'),('216598726','SSF24AT','NDITF19'),('216598726','TPG111T','NDITF19'),('216636415','DSO23AT','NDITF19'),('216636415','SSF24AT','NDITF19'),('216636415','TPG111T','NDITF19'),('216636598','DSO23AT','NDITF19'),('216636598','SSF24AT','NDITF19'),('216636598','TPG111T','NDITF19'),('216653698','DSO23AT','NDITF19'),('216653698','SSF24AT','NDITF19'),('216653698','TPG111T','NDITF19'),('216655987','DSO23AT','NDITF19'),('216655987','SSF24AT','NDITF19'),('216655987','TPG111T','NDITF19'),('216688939','DSO23AT','NDITF19'),('216688939','SSF24AT','NDITF19'),('216688939','TPG111T','NDITF19'),('216695632','DSO23AT','NDITF19'),('216695632','SSF24AT','NDITF19'),('216695632','TPG111T','NDITF19'),('216698265','DSO23AT','NDITF19'),('216698265','SSF24AT','NDITF19'),('216698265','TPG111T','NDITF19'),('216698745','DSO23AT','NDITF19'),('216698745','SSF24AT','NDITF19'),('216698745','TPG111T','NDITF19'),('216699080','DSO23AT','NDITF19'),('216699080','SSF24AT','NDITF19'),('216699080','TPG111T','NDITF19'),('216699985','DSO23AT','NDITF19'),('216699985','SSF24AT','NDITF19'),('216699985','TPG111T','NDITF19'),('216747850','IDC30BT','NDITF19'),('216958474','DSO23AT','NDITF19'),('216958474','SSF24AT','NDITF19'),('216958474','TPG111T','NDITF19'),('216987456','DSO23AT','NDITF19'),('216987456','SSF24AT','NDITF19'),('216987456','TPG111T','NDITF19'),('216987653','DSO23AT','NDITF19'),('216987653','SSF24AT','NDITF19'),('216987653','TPG111T','NDITF19'),('217233655','DSO23AT','NDITF19'),('217233655','SSF24AT','NDITF19'),('217233655','TPG111T','NDITF19'),('217332863','TPG201T','NDITF19'),('217336599','DSO23AT','NDITF19'),('217336599','SSF24AT','NDITF19'),('217336599','TPG111T','NDITF19'),('217533656','DSO23AT','NDITF19'),('217533656','SSF24AT','NDITF19'),('217533656','TPG111T','NDITF19'),('217890582','DSO23AT','NDITF19'),('217890582','SSF24AT','NDITF19'),('217890582','TPG111T','NDITF19'),('217893523','DSO23AT','NDITF19'),('217893523','SSF24AT','NDITF19'),('217893523','TPG111T','NDITF19'),('217917876','DSO34AT','NDITF19'),('217986623','DSO23AT','NDITF19'),('217986623','SSF24AT','NDITF19'),('217986623','TPG111T','NDITF19'),('218326548','DSO23AT','NDITF19'),('218326548','SSF24AT','NDITF19'),('218326548','TPG111T','NDITF19'),('218365536','DSO23AT','NDITF19'),('218365536','SSF24AT','NDITF19'),('218365536','TPG111T','NDITF19'),('218366492','DSO23AT','NDITF19'),('218366492','SSF24AT','NDITF19'),('218366492','TPG111T','NDITF19'),('218502889','IDC30BT','NDITF19'),('218634123','DSO23AT','NDITF19'),('218634123','SSF24AT','NDITF19'),('218634123','TPG111T','NDITF19'),('218899663','DSO23AT','NDITF19'),('218899663','SSF24AT','NDITF19'),('218899663','TPG111T','NDITF19'),('218926222','DSO23AT','NDITF19'),('218926222','SSF24AT','NDITF19'),('218926222','TPG111T','NDITF19'),('218936226','DSO23AT','NDITF19'),('218936226','SSF24AT','NDITF19'),('218936226','TPG111T','NDITF19'),('219087902','TPG201T','NDITF19'),('219365465','DSO23AT','NDITF19'),('219365465','SSF24AT','NDITF19'),('219365465','TPG111T','NDITF19'),('219365569','DSO23AT','NDITF19'),('219365569','SSF24AT','NDITF19'),('219365569','TPG111T','NDITF19'),('219366566','DSO23AT','NDITF19'),('219366566','SSF24AT','NDITF19'),('219366566','TPG111T','NDITF19'),('219672915','DSO34AT','NDITF19'),('219863226','DSO23AT','NDITF19'),('219863226','SSF24AT','NDITF19'),('219863226','TPG111T','NDITF19'),('220257928','IDC30BT','NDITF19'),('220842941','TPG201T','NDITF19'),('221427954','DSO34AT','NDITF19'),('222012967','IDC30BT','NDITF19'),('222597980','TPG201T','NDITF19'),('223182993','DSO34AT','NDITF19'),('223768006','IDC30BT','NDITF19'),('224353019','TPG201T','NDITF19'),('224938032','DSO34AT','NDITF19'),('225523045','IDC30BT','NDITF19'),('226108058','TPG201T','NDITF19'),('226693071','DSO34AT','NDITF19'),('227278084','IDC30BT','NDITF19'),('227863097','TPG201T','NDITF19'),('228448110','DSO34AT','NDITF19'),('229033123','IDC30BT','NDITF19'),('229618136','TPG201T','NDITF19'),('230203149','DSO34AT','NDITF19'),('230788162','IDC30BT','NDITF19'),('231373175','TPG201T','NDITF19'),('231958188','DSO34AT','NDITF19'),('232543201','IDC30BT','NDITF19'),('233128214','TPG201T','NDITF19'),('233713227','DSO34AT','NDITF19'),('234298240','IDC30BT','NDITF19'),('234883253','TPG201T','NDITF19'),('235468266','DSO34AT','NDITF19'),('236053279','IDC30BT','NDITF19'),('236638292','TPG201T','NDITF19'),('237223305','DSO34AT','NDITF19'),('237808318','IDC30BT','NDITF19'),('238393331','TPG201T','NDITF19'),('238978344','DSO34AT','NDITF19'),('239563357','IDC30BT','NDITF19'),('240148370','TPG201T','NDITF19'),('240733383','DSO34AT','NDITF19'),('241318396','IDC30BT','NDITF19'),('241903409','TPG201T','NDITF19'),('242488422','DSO34AT','NDITF19'),('243073435','IDC30BT','NDITF19'),('243658448','TPG201T','NDITF19'),('244243461','DSO34AT','NDITF19'),('244828474','IDC30BT','NDITF19'),('245413487','TPG201T','NDITF19'),('245998500','DSO34AT','NDITF19'),('246583513','IDC30BT','NDITF19'),('247168526','TPG201T','NDITF19'),('247753539','DSO34AT','NDITF19'),('248338552','IDC30BT','NDITF19'),('248923565','TPG201T','NDITF19'),('249508578','DSO34AT','NDITF19'),('250093591','IDC30BT','NDITF19');  /*Table structure for table `tblsubj_venue` */  DROP TABLE IF EXISTS `tblsubj_venue`;  CREATE TABLE `tblsubj_venue` (   `subjCode` varchar(7) NOT NULL,   `venCode` varchar(7) NOT NULL,   `subjvenSlot` int(1) NOT NULL,   `subjvenDate` date NOT NULL,   `empid` int(5) DEFAULT NULL,   PRIMARY KEY (`subjCode`,`venCode`,`subjvenSlot`,`subjvenDate`) ) ENGINE=MyISAM DEFAULT CHARSET=latin1;  /*Data for the table `tblsubj_venue` */  /*Table structure for table `tblsubject` */  DROP TABLE IF EXISTS `tblsubject`;  CREATE TABLE `tblsubject` (   `subCode` varchar(7) NOT NULL,   `subDesc` varchar(50) DEFAULT NULL,   `courseCode` varchar(7) NOT NULL,   `subjYearLevel` int(1) DEFAULT NULL,   `subPractical_Theory` varchar(50) DEFAULT NULL,   PRIMARY KEY (`subCode`,`courseCode`) ) ENGINE=MyISAM DEFAULT CHARSET=latin1;  /*Data for the table `tblsubject` */  insert  into `tblsubject`(`subCode`,`subDesc`,`courseCode`,`subjYearLevel`,`subPractical_Theory`) values ('ACP100T','Accountig for Personnel Practitioners','NDHR96',1,'Theory'),('BIS101T','Bio-Systems I','NDEEF2',1,'Theory'),('BMN120T','Business Management I','NDHR96',1,'Theory'),('BMN23T','Business Management II','NDHR96',2,'Theory'),('BMN330T','Business Management III','NDHR96',3,'Theory'),('CFS10AT','Computing Fundamentals IA','NDITF1',1,'Theory'),('CFS10BT','Computing Fundamentals IB','NDITF1',1,'Theory'),('CGS10AT','Computing Systems IA','NDITF1',1,'Theory'),('CGS10BT','Computing Systems IB','NDITF1',1,'Theory'),('CMK10AT','Computing Skills IA','NDITF1',1,'Theory'),('CMK10BT','Computing Skills IB','NDITF1',1,'Theory'),('CSY321T','Control Systems III','NDEEF2',2,'Theory'),('DPJ30YT','Design Project: Light Current III','NDEEF2',2,'Practical'),('DPJ30ZT','Design Project: Heavy Current III','NDEEF2',2,'Practical'),('DSO17AT','Development Software IA','NDITF1',1,'Practical'),('DSO17BT','Development Software IB','NDITF1',1,'Practical'),('DSO23AT','Development Software IIA','NDISF1',2,'Practical'),('DSO23BT','Development Software IIB','NDISF1',2,'Practical'),('DSO34AT','Development Software IIA','NDISF1',3,'Practical'),('DSO34BT','Development Software IIB','NDISF1',3,'Practical'),('DSY131T','Digital System I','NDEEF2',1,'Theory'),('DSY231T','Digital Systems II','NDEEF2',1,'Theory'),('DSY341T','Digital Systems III','NDEEF2',2,'Theory'),('EEN211T','Electrical Engineering II','NDEEF2',1,'Practical'),('EEN311T','Electrical Engineering III','NDEEF2',1,'Theory'),('ELC11T','Electronics II','NDEEF2',1,'Theory'),('ELC331T','Electronics III','NDEEF2',1,'Theory'),('ELD331T','Electrical Distribution III','NDEEF2',1,'Theory'),('EMA241T','Electrical Machines II','NDEEF2',1,'Theory'),('EMA341T','Electrical Machines III','NDEEF2',2,'Theory'),('ENG120T','English ','NDHR96',1,'Theory'),('EPC321T','Electrical Protection III','NDEEF2',2,'Theory'),('ETC221T','Electronic Communication II','NDEEF2',1,'Theory'),('ETC301T','Electronic Communication III','NDEEF2',2,'Theory'),('EUC10AT','End-User Computing IA','NDHR96',1,'Practical'),('EUC10BT','End-User Computing IB','NDHR96',1,'Practical'),('EXP1EWT','Work-Intergrated Learning: Workshop I','NDEEF2',1,'Theory'),('EXP2EEH','Work-Intergrated Learning II','NDEEF2',3,'Practical'),('FPALS01','Foundation Academic and Language','NDITF1',0,'Theory'),('FPBFC01','Foundation Basic Finacial Calculations','NDHRF0',0,'Theory'),('FPCOS03','Communication Skills (Extended) I','NDEEF2',0,'Theory'),('FPCSK02','Computer Skills (Extended) I','NDEEF2',0,'Practical'),('FPEEN01','Electrical Engineering (Extended) I','NDEEF2',0,'Theory'),('FPELC01','Electronics (Extended) I','NDEEF2',0,'Theory'),('FPENG03','Foundation English','NDHRF0',0,'Theory'),('FPESL01','Engineering Science (Extended) I','NDEEF2',0,'Theory'),('FPIDS01','Foundation Information and Software','NDITF1',0,'Practical'),('FPIRS01','Foundation Indstrial Relations I','NDHRF0',0,'Theory'),('FPMAT04','Mathematics (Extended) I','NDEEF2',0,'Theory'),('FPPRM01','Foundation Personnel Management I','NDHRF0',0,'Theory'),('FPPRM01','Foundation Personnel Management','NDISF1',0,'Theory'),('FPPRS01','Foundation Presentation','NDITF1',0,'Practical'),('IDC30AT','Industry Exposure IIIA','NDISF1',3,'Theory'),('IDC30BT','Industry Exposure IIIB','NDISF1',3,'Theory'),('IRS100T','Industrial Relations I','NDHR96',2,'Theory'),('IRS200T','Industrial Relations II','NDHR96',3,'Theory'),('ISY23AT','Information Systems IIA','NDISF1',2,'Theory'),('ISY24BT','Information Systems IIB','NDISF1',2,'Theory'),('ISY34AT','Information Systems IIIA','NDISF1',3,'Theory'),('ISY34BT','Information Systems IIIB','NDISF1',3,'Theory'),('LLA100T','Labour Law','NDHR96',2,'Theory'),('LOD311T','Logical Design III','NDEEF2',2,'Theory'),('MAT271B','Mathematics II','NDEEF2',1,'Theory'),('MAT351T','Mathematics III','NDEEF2',1,'Theory'),('MEQ211T','Medical Equipment II','NDEEF2',1,'Theory'),('MEQ33XT','Medical Equipment: Equipment III','NDEEF2',2,'Theory'),('MEQ33YT','Medical Equipment:Systems III','NDEEF2',2,'Theory'),('MTN100T','Management of Training II','NDHR96',2,'Theory'),('MTN200T','Management of Training II','NDHR96',3,'Theory'),('MWC301T','Microwave Communication III','NDEEF2',2,'Theory'),('PCM221T','Process Instrumentation II','NDEEF2',1,'Theory'),('PCM321T','Process Instrumentation III','NDEEF2',2,'Theory'),('PRM110T','Personnel Management I','NDHR96',1,'Theory'),('PRM210T','Personnel Management III','NDHR96',2,'Theory'),('PRM310T','Personnel Management III','NDHR96',3,'Theory'),('PWE311T','Power Electronics III','NDEEF2',2,'Theory'),('QTQ100T','Quantitative Techniques ','NDHR96',1,'Theory'),('RAE311T','Radio Engineering III','NDEEF2',2,'Theory'),('SFD201T','Software Design II','NDEEF2',1,'Practical'),('SFD301T','Software Design III','NDEEF2',1,'Practical'),('SSF23AT','System Software IIA','NDISF1',2,'Practical'),('SSF23BT','System Software IIB','NDISF1',2,'Practical'),('TLV311T','Television III','NDEEF2',2,'Theory'),('TPG111T','Technical Programming I','NDISF1',2,'Practical'),('TPG201T','Technical Programming II','NDISF1',2,'Practical');  /*Table structure for table `tblvenue` */  DROP TABLE IF EXISTS `tblvenue`;  CREATE TABLE `tblvenue` (   `venCode` varchar(5) NOT NULL,   `venDesc` varchar(50) NOT NULL,   `venNumSeats` int(3) DEFAULT NULL,   `venStatus` int(1) DEFAULT NULL,   `venRows` int(3) DEFAULT NULL,   `venBlocks` int(3) DEFAULT NULL,   `venPcRows` int(3) DEFAULT NULL,   `venStructure` varchar(5) DEFAULT NULL,   PRIMARY KEY (`venCode`) ) ENGINE=MyISAM DEFAULT CHARSET=latin1;  /*Data for the table `tblvenue` */  insert  into `tblvenue`(`venCode`,`venDesc`,`venNumSeats`,`venStatus`,`venRows`,`venBlocks`,`venPcRows`,`venStructure`) values ('03G08','lab',40,1,5,2,8,'4X4'),('15G01','lab',50,1,5,2,10,'5X5'),('15G30','lab',77,1,7,3,11,'3X5X3'),('16G01','lab',60,1,6,2,10,'5X5'),('16G24','lab',40,1,5,2,8,'4X4'),('B18','Hall',300,1,20,1,0,NULL),('B1G13','Classroom',50,1,5,2,0,NULL),('B3G01','Classroom',60,1,6,1,0,NULL),('B6','Classroom',150,1,10,3,0,NULL),('B9','Classroom',150,1,10,3,0,NULL);  /*!40101 SET SQL_MODE=@OLD_SQL_MODE */; /*!40014 SET FOREIGN_KEY_CHECKS=@OLD_FOREIGN_KEY_CHECKS */; 